node_id,spreading centrality,degree,,,,,node_id,spreading centrality,degree,,,,679,679
679,342.011,313,,,,,679,342.011,313,,,,873,873
873,340.101,213,,,,,873,340.101,213,,,,889,889
889,334.342,211,,,,,889,334.342,211,,,,646,646
646,330.438,183,,,,,646,330.438,183,,,,147,147
147,329.819,182,,,,,147,329.819,182,,,,562,562
328,323.153,154,,,,,562,321.744,175,,,,,103
562,321.744,175,,,,,103,312.95,162,,,,,830
230,320.066,155,,,,,830,315.021,160,,,,293,293
293,318.884,158,,,,,293,318.884,158,,,,,155
236,318.744,154,,,,,155,317.819,157,,,,,
155,317.819,157,,,,,230,320.066,155,,,,,
710,317.522,136,,,,,808,316.982,155,,,,,
808,316.982,155,,,,,328,323.153,154,,,,,
892,315.745,138,,,,,236,318.744,154,,,,,
830,315.021,160,,,,,315,311.521,154,,,,,
204,314.016,151,,,,,204,314.016,151,,,,,
103,312.95,162,,,,,373,308.358,149,,,,,
315,311.521,154,,,,,413,308.551,141,,,,,
709,310.807,135,,,,,892,315.745,138,,,,,
309,310.525,138,,,,,309,310.525,138,,,,,
413,308.551,141,,,,,710,317.522,136,,,,,
373,308.358,149,,,,,709,310.807,135,,,,,
748,308.03,126,,,,,270,307.471,134,,,,,
270,307.471,134,,,,,260,303.487,134,,,,,
747,307.084,132,,,,,747,307.084,132,,,,,
206,306.765,124,,,,,321,288.348,131,,,,,
529,305.975,123,,,,,617,305.09,127,,,,,
617,305.09,127,,,,,748,308.03,126,,,,,
526,304.293,126,,,,,526,304.293,126,,,,,
260,303.487,134,,,,,275,302.717,126,,,,,
669,303.305,116,,,,,206,306.765,124,,,,,
456,303.209,120,,,,,805,296.881,124,,,,,
275,302.717,126,,,,,311,285.289,124,,,,,
229,300.143,116,,,,,529,305.975,123,,,,,
246,298,116,,,,,718,296.084,121,,,,,
805,296.881,124,,,,,456,303.209,120,,,,,
718,296.084,121,,,,,856,288.762,118,,,,,
52,295.305,115,,,,,669,303.305,116,,,,,
866,294.166,115,,,,,229,300.143,116,,,,,
555,293.368,108,,,,,246,298,116,,,,,
558,291.284,107,,,,,52,295.305,115,,,,,
746,290.571,106,,,,,866,294.166,115,,,,,
908,290.426,106,,,,,592,276.25,112,,,,,
856,288.762,118,,,,,160,284.29,111,,,,,
222,288.722,109,,,,,214,277.681,110,,,,,
495,288.712,98,,,,,222,288.722,109,,,,,
321,288.348,131,,,,,958,282.226,109,,,,,
792,287.214,98,,,,,633,269.406,109,,,,,
311,285.289,124,,,,,555,293.368,108,,,,,
795,284.695,102,,,,,760,276.344,108,,,,,
160,284.29,111,,,,,558,291.284,107,,,,,
184,283.217,95,,,,,746,290.571,106,,,,,
837,282.588,101,,,,,908,290.426,106,,,,,
958,282.226,109,,,,,795,284.695,102,,,,,
154,281.453,98,,,,,265,280.392,102,,,,,
261,280.959,91,,,,,837,282.588,101,,,,,
255,280.937,94,,,,,656,280.916,100,,,,,
656,280.916,100,,,,,291,277.959,100,,,,,
163,280.846,97,,,,,64,272.165,99,,,,,
265,280.392,102,,,,,416,262.695,99,,,,,
501,278.935,95,,,,,495,288.712,98,,,,,
888,278.563,89,,,,,792,287.214,98,,,,,
291,277.959,100,,,,,154,281.453,98,,,,,
214,277.681,110,,,,,895,264.703,98,,,,,
145,277.509,89,,,,,163,280.846,97,,,,,
132,276.638,92,,,,,405,276.217,96,,,,,
302,276.528,93,,,,,146,275.261,96,,,,,
760,276.344,108,,,,,860,269.226,96,,,,,
592,276.25,112,,,,,754,267.478,96,,,,,
405,276.217,96,,,,,184,283.217,95,,,,,
146,275.261,96,,,,,501,278.935,95,,,,,
806,274.752,92,,,,,671,266.324,95,,,,,
256,274.751,90,,,,,255,280.937,94,,,,,
781,274.54,83,,,,,938,273.399,94,,,,,
938,273.399,94,,,,,419,267.618,94,,,,,
312,273.394,90,,,,,128,266,94,,,,,
313,272.547,86,,,,,302,276.528,93,,,,,
64,272.165,99,,,,,132,276.638,92,,,,,
940,271.473,86,,,,,806,274.752,92,,,,,
436,270.648,86,,,,,627,259.456,92,,,,,
203,269.99,87,,,,,261,280.959,91,,,,,
633,269.406,109,,,,,649,255.687,91,,,,,
860,269.226,96,,,,,299,252.552,91,,,,,
644,268.585,89,,,,,256,274.751,90,,,,,
329,268.353,89,,,,,312,273.394,90,,,,,
496,268.22,84,,,,,645,266.447,90,,,,,
793,267.9,88,,,,,888,278.563,89,,,,,
419,267.618,94,,,,,145,277.509,89,,,,,
149,267.502,87,,,,,644,268.585,89,,,,,
754,267.478,96,,,,,329,268.353,89,,,,,
579,267.296,84,,,,,650,261.132,89,,,,,
645,266.447,90,,,,,716,249.303,89,,,,,
671,266.324,95,,,,,793,267.9,88,,,,,
128,266,94,,,,,101,264.606,88,,,,,
895,264.703,98,,,,,203,269.99,87,,,,,
574,264.681,85,,,,,149,267.502,87,,,,,
101,264.606,88,,,,,264,256.293,87,,,,,
134,263.649,85,,,,,410,255.941,87,,,,,
403,263.027,82,,,,,313,272.547,86,,,,,
416,262.695,99,,,,,940,271.473,86,,,,,
722,262.554,79,,,,,436,270.648,86,,,,,
575,261.322,84,,,,,19,259.952,86,,,,,
650,261.132,89,,,,,574,264.681,85,,,,,
232,260.579,84,,,,,134,263.649,85,,,,,
879,260.285,81,,,,,496,268.22,84,,,,,
550,260.181,80,,,,,579,267.296,84,,,,,
19,259.952,86,,,,,575,261.322,84,,,,,
249,259.668,80,,,,,232,260.579,84,,,,,
627,259.456,92,,,,,870,250.097,84,,,,,
685,259.336,79,,,,,781,274.54,83,,,,,
264,256.293,87,,,,,580,247.05,83,,,,,
410,255.941,87,,,,,403,263.027,82,,,,,
649,255.687,91,,,,,161,254.152,82,,,,,
505,254.637,81,,,,,238,243.662,82,,,,,
161,254.152,82,,,,,48,240.952,82,,,,,
268,253.899,81,,,,,879,260.285,81,,,,,
489,253.13,80,,,,,505,254.637,81,,,,,
400,253.02,75,,,,,268,253.899,81,,,,,
10,252.882,80,,,,,250,245.147,81,,,,,
198,252.648,75,,,,,550,260.181,80,,,,,
299,252.552,91,,,,,249,259.668,80,,,,,
959,251.147,76,,,,,489,253.13,80,,,,,
1,251.12,73,,,,,10,252.882,80,,,,,
870,250.097,84,,,,,722,262.554,79,,,,,
59,250.065,74,,,,,685,259.336,79,,,,,
542,249.891,77,,,,,284,237.354,79,,,,,
716,249.303,89,,,,,542,249.891,77,,,,,
561,248.194,76,,,,,61,236.718,77,,,,,
72,248.064,72,,,,,697,235.842,77,,,,,
580,247.05,83,,,,,959,251.147,76,,,,,
476,246.781,74,,,,,561,248.194,76,,,,,
690,246.639,70,,,,,729,240.677,76,,,,,
30,246.328,75,,,,,458,239.257,76,,,,,
250,245.147,81,,,,,400,253.02,75,,,,,
742,245.085,66,,,,,198,252.648,75,,,,,
488,244.999,68,,,,,30,246.328,75,,,,,
651,244.768,69,,,,,775,243.038,75,,,,,
407,243.793,71,,,,,201,234.711,75,,,,,
238,243.662,82,,,,,259,227.771,75,,,,,
770,243.09,69,,,,,59,250.065,74,,,,,
775,243.038,75,,,,,476,246.781,74,,,,,
909,242.562,62,,,,,1,251.12,73,,,,,
194,242.229,68,,,,,957,239.267,73,,,,,
525,241.845,70,,,,,913,237.339,73,,,,,
712,241.741,69,,,,,72,248.064,72,,,,,
48,240.952,82,,,,,57,240.231,72,,,,,
729,240.677,76,,,,,637,237.256,72,,,,,
396,240.327,68,,,,,150,235.731,72,,,,,
57,240.231,72,,,,,704,230.051,72,,,,,
688,239.371,65,,,,,618,228.353,72,,,,,
957,239.267,73,,,,,407,243.793,71,,,,,
458,239.257,76,,,,,353,224.772,71,,,,,
886,238.7,67,,,,,606,222.555,71,,,,,
284,237.354,79,,,,,461,216.96,71,,,,,
913,237.339,73,,,,,690,246.639,70,,,,,
637,237.256,72,,,,,525,241.845,70,,,,,
937,237.139,65,,,,,502,234.493,70,,,,,
248,236.884,69,,,,,950,224.945,70,,,,,
941,236.85,67,,,,,640,215.701,70,,,,,
61,236.718,77,,,,,337,177.419,70,,,,,
75,236.662,62,,,,,651,244.768,69,,,,,
697,235.842,77,,,,,770,243.09,69,,,,,
150,235.731,72,,,,,712,241.741,69,,,,,
201,234.711,75,,,,,248,236.884,69,,,,,
502,234.493,70,,,,,488,244.999,68,,,,,
691,234.448,62,,,,,194,242.229,68,,,,,
706,232.164,62,,,,,396,240.327,68,,,,,
681,231.278,63,,,,,480,229.555,68,,,,,
733,230.159,65,,,,,317,221.178,68,,,,,
704,230.051,72,,,,,886,238.7,67,,,,,
474,229.926,67,,,,,941,236.85,67,,,,,
480,229.555,68,,,,,474,229.926,67,,,,,
618,228.353,72,,,,,531,227.507,67,,,,,
259,227.771,75,,,,,162,224.68,67,,,,,
531,227.507,67,,,,,926,215.062,67,,,,,
774,227.506,64,,,,,742,245.085,66,,,,,
924,227.233,55,,,,,88,225.494,66,,,,,
216,226.423,65,,,,,563,219.423,66,,,,,
933,226.015,64,,,,,688,239.371,65,,,,,
88,225.494,66,,,,,937,237.139,65,,,,,
602,225.296,61,,,,,733,230.159,65,,,,,
950,224.945,70,,,,,216,226.423,65,,,,,
353,224.772,71,,,,,348,223.889,65,,,,,
162,224.68,67,,,,,797,218.276,65,,,,,
494,224.149,60,,,,,774,227.506,64,,,,,
348,223.889,65,,,,,933,226.015,64,,,,,
606,222.555,71,,,,,118,219.024,64,,,,,
308,221.99,62,,,,,468,210.868,64,,,,,
443,221.364,60,,,,,681,231.278,63,,,,,
610,221.192,58,,,,,758,211.488,63,,,,,
317,221.178,68,,,,,909,242.562,62,,,,,
429,221.148,57,,,,,75,236.662,62,,,,,
852,220.128,60,,,,,691,234.448,62,,,,,
539,219.583,49,,,,,706,232.164,62,,,,,
563,219.423,66,,,,,308,221.99,62,,,,,
118,219.024,64,,,,,384,210.909,62,,,,,
797,218.276,65,,,,,343,199.709,62,,,,,
441,218.168,56,,,,,602,225.296,61,,,,,
701,218.075,53,,,,,98,212.074,61,,,,,
461,216.96,71,,,,,576,108.257,61,,,,,
595,216.557,52,,,,,494,224.149,60,,,,,
640,215.701,70,,,,,443,221.364,60,,,,,
926,215.062,67,,,,,852,220.128,60,,,,,
918,214.481,59,,,,,689,212.915,60,,,,,
325,214.011,57,,,,,744,207.045,60,,,,,
127,213.42,55,,,,,918,214.481,59,,,,,
689,212.915,60,,,,,928,212.671,59,,,,,
572,212.874,58,,,,,339,209.947,59,,,,,
928,212.671,59,,,,,210,208.424,59,,,,,
98,212.074,61,,,,,833,207.398,59,,,,,
25,211.618,51,,,,,953,204.017,59,,,,,
758,211.488,63,,,,,493,194.876,59,,,,,
384,210.909,62,,,,,738,183.058,59,,,,,
468,210.868,64,,,,,610,221.192,58,,,,,
813,210.763,53,,,,,572,212.874,58,,,,,
99,210.01,57,,,,,288,206.16,58,,,,,
251,209.954,55,,,,,927,203.603,58,,,,,
339,209.947,59,,,,,864,201.634,58,,,,,
210,208.424,59,,,,,906,199.971,58,,,,,
936,208.264,51,,,,,77,189.813,58,,,,,
833,207.398,59,,,,,723,187.06,58,,,,,
812,207.352,53,,,,,429,221.148,57,,,,,
287,207.109,53,,,,,325,214.011,57,,,,,
744,207.045,60,,,,,99,210.01,57,,,,,
811,206.994,56,,,,,441,218.168,56,,,,,
426,206.617,48,,,,,811,206.994,56,,,,,
288,206.16,58,,,,,369,201.766,56,,,,,
953,204.017,59,,,,,521,194.907,56,,,,,
954,203.847,55,,,,,924,227.233,55,,,,,
927,203.603,58,,,,,127,213.42,55,,,,,
794,203.516,53,,,,,251,209.954,55,,,,,
326,203.47,54,,,,,954,203.847,55,,,,,
538,203.42,55,,,,,538,203.42,55,,,,,
301,203.412,51,,,,,362,203.147,55,,,,,
362,203.147,55,,,,,877,202.299,55,,,,,
220,202.677,50,,,,,295,185.263,55,,,,,
877,202.299,55,,,,,382,181.089,55,,,,,
192,201.768,53,,,,,326,203.47,54,,,,,
369,201.766,56,,,,,667,198.14,54,,,,,
864,201.634,58,,,,,366,196.143,54,,,,,
682,200.507,53,,,,,586,191.329,54,,,,,
906,199.971,58,,,,,420,178.479,54,,,,,
343,199.709,62,,,,,701,218.075,53,,,,,
466,199.595,48,,,,,813,210.763,53,,,,,
430,198.799,52,,,,,812,207.352,53,,,,,
231,198.596,51,,,,,287,207.109,53,,,,,
687,198.162,46,,,,,794,203.516,53,,,,,
667,198.14,54,,,,,192,201.768,53,,,,,
824,198.052,49,,,,,682,200.507,53,,,,,
884,197.931,50,,,,,585,191.768,53,,,,,
166,197.642,47,,,,,595,216.557,52,,,,,
518,197.081,47,,,,,430,198.799,52,,,,,
172,196.537,52,,,,,172,196.537,52,,,,,
39,196.463,47,,,,,624,195.861,52,,,,,
423,196.382,46,,,,,838,191.423,52,,,,,
366,196.143,54,,,,,460,189.139,52,,,,,
624,195.861,52,,,,,912,182.057,52,,,,,
521,194.907,56,,,,,25,211.618,51,,,,,
493,194.876,59,,,,,936,208.264,51,,,,,
585,191.768,53,,,,,301,203.412,51,,,,,
188,191.439,51,,,,,231,198.596,51,,,,,
838,191.423,52,,,,,188,191.439,51,,,,,
586,191.329,54,,,,,136,187.737,51,,,,,
874,191.22,47,,,,,847,183.792,51,,,,,
589,190.823,45,,,,,296,178.996,51,,,,,
364,190.014,48,,,,,399,173.422,51,,,,,
398,189.924,48,,,,,9,171.814,51,,,,,
77,189.813,58,,,,,44,100.344,51,,,,,
73,189.665,43,,,,,220,202.677,50,,,,,
460,189.139,52,,,,,884,197.931,50,,,,,
863,188.255,46,,,,,604,187.358,50,,,,,
439,188.24,45,,,,,703,186.614,50,,,,,
183,187.897,44,,,,,796,182.522,50,,,,,
136,187.737,51,,,,,539,219.583,49,,,,,
604,187.358,50,,,,,824,198.052,49,,,,,
388,187.247,47,,,,,90,180.539,49,,,,,
723,187.06,58,,,,,451,125.867,49,,,,,
740,186.96,43,,,,,252,91.386,49,,,,,
703,186.614,50,,,,,426,206.617,48,,,,,
578,186.337,46,,,,,466,199.595,48,,,,,
2,186.06,48,,,,,364,190.014,48,,,,,
351,185.64,47,,,,,398,189.924,48,,,,,
332,185.635,41,,,,,2,186.06,48,,,,,
45,185.564,45,,,,,377,180.205,48,,,,,
295,185.263,55,,,,,615,178.831,48,,,,,
930,185.049,45,,,,,841,175.332,48,,,,,
226,184.597,41,,,,,143,171.753,48,,,,,
16,184.502,43,,,,,157,169.148,48,,,,,
960,183.892,47,,,,,632,164.075,48,,,,,
847,183.792,51,,,,,166,197.642,47,,,,,
552,183.782,46,,,,,518,197.081,47,,,,,
381,183.523,47,,,,,39,196.463,47,,,,,
905,183.436,42,,,,,874,191.22,47,,,,,
17,183.108,43,,,,,388,187.247,47,,,,,
738,183.058,59,,,,,351,185.64,47,,,,,
796,182.522,50,,,,,960,183.892,47,,,,,
408,182.5,46,,,,,381,183.523,47,,,,,
336,182.435,40,,,,,71,180.033,47,,,,,
935,182.209,41,,,,,113,179.323,47,,,,,
912,182.057,52,,,,,516,163.138,47,,,,,
244,181.438,39,,,,,687,198.162,46,,,,,
121,181.388,43,,,,,423,196.382,46,,,,,
382,181.089,55,,,,,863,188.255,46,,,,,
90,180.539,49,,,,,578,186.337,46,,,,,
377,180.205,48,,,,,552,183.782,46,,,,,
71,180.033,47,,,,,408,182.5,46,,,,,
670,179.495,42,,,,,854,178.626,46,,,,,
324,179.485,45,,,,,534,177.101,46,,,,,
113,179.323,47,,,,,739,174.188,46,,,,,
296,178.996,51,,,,,67,164.28,46,,,,,
615,178.831,48,,,,,589,190.823,45,,,,,
327,178.827,45,,,,,439,188.24,45,,,,,
854,178.626,46,,,,,45,185.564,45,,,,,
420,178.479,54,,,,,930,185.049,45,,,,,
243,178.461,44,,,,,324,179.485,45,,,,,
337,177.419,70,,,,,327,178.827,45,,,,,
556,177.302,44,,,,,406,176.46,45,,,,,
534,177.101,46,,,,,898,172.046,45,,,,,
40,177.009,44,,,,,183,187.897,44,,,,,
406,176.46,45,,,,,243,178.461,44,,,,,
424,176.375,43,,,,,556,177.302,44,,,,,
105,176.322,44,,,,,40,177.009,44,,,,,
841,175.332,48,,,,,105,176.322,44,,,,,
508,175.196,43,,,,,720,171.284,44,,,,,
126,174.574,41,,,,,686,165.528,44,,,,,
739,174.188,46,,,,,199,162.857,44,,,,,
399,173.422,51,,,,,752,158.928,44,,,,,
470,172.825,43,,,,,601,152.102,44,,,,,
56,172.728,39,,,,,73,189.665,43,,,,,
164,172.617,42,,,,,740,186.96,43,,,,,
464,172.14,43,,,,,16,184.502,43,,,,,
898,172.046,45,,,,,17,183.108,43,,,,,
9,171.814,51,,,,,121,181.388,43,,,,,
143,171.753,48,,,,,424,176.375,43,,,,,
85,171.682,40,,,,,508,175.196,43,,,,,
720,171.284,44,,,,,470,172.825,43,,,,,
867,170.883,37,,,,,464,172.14,43,,,,,
157,169.148,48,,,,,655,157.168,43,,,,,
47,169.108,40,,,,,842,107.013,43,,,,,
472,168.481,38,,,,,905,183.436,42,,,,,
659,168.027,40,,,,,670,179.495,42,,,,,
915,167.972,36,,,,,164,172.617,42,,,,,
876,167.508,38,,,,,471,161.728,42,,,,,
371,166.944,39,,,,,757,157.327,42,,,,,
196,166.421,41,,,,,616,153.665,42,,,,,
686,165.528,44,,,,,765,90.782,42,,,,,
432,165.267,34,,,,,751,89.128,42,,,,,
444,165.026,35,,,,,332,185.635,41,,,,,
114,165.001,35,,,,,226,184.597,41,,,,,
67,164.28,46,,,,,935,182.209,41,,,,,
632,164.075,48,,,,,126,174.574,41,,,,,
582,163.491,36,,,,,196,166.421,41,,,,,
516,163.138,47,,,,,603,151.501,41,,,,,
853,162.898,34,,,,,138,105.248,41,,,,,
199,162.857,44,,,,,336,182.435,40,,,,,
139,161.81,39,,,,,85,171.682,40,,,,,
471,161.728,42,,,,,47,169.108,40,,,,,
753,161.718,40,,,,,659,168.027,40,,,,,
647,161.406,34,,,,,753,161.718,40,,,,,
845,160.81,40,,,,,845,160.81,40,,,,,
719,160.741,36,,,,,455,160.186,40,,,,,
821,160.393,37,,,,,257,158.413,40,,,,,
35,160.286,34,,,,,522,156.871,40,,,,,
455,160.186,40,,,,,434,155.989,40,,,,,
379,158.979,38,,,,,786,152.348,40,,,,,
752,158.928,44,,,,,962,150.474,40,,,,,
530,158.882,39,,,,,191,149.28,40,,,,,
257,158.413,40,,,,,18,131.074,40,,,,,
836,157.642,30,,,,,208,88.74,40,,,,,
757,157.327,42,,,,,244,181.438,39,,,,,
655,157.168,43,,,,,56,172.728,39,,,,,
522,156.871,40,,,,,371,166.944,39,,,,,
434,155.989,40,,,,,139,161.81,39,,,,,
340,155.748,36,,,,,530,158.882,39,,,,,
880,155.016,35,,,,,452,153.585,39,,,,,
82,154.874,34,,,,,11,62.064,39,,,,,
411,154.007,38,,,,,472,168.481,38,,,,,
60,153.856,35,,,,,876,167.508,38,,,,,
616,153.665,42,,,,,379,158.979,38,,,,,
452,153.585,39,,,,,411,154.007,38,,,,,
676,153.474,35,,,,,390,139.503,38,,,,,
786,152.348,40,,,,,769,132.93,38,,,,,
601,152.102,44,,,,,182,130.081,38,,,,,
869,151.994,32,,,,,7,110.673,38,,,,,
176,151.59,34,,,,,867,170.883,37,,,,,
603,151.501,41,,,,,821,160.393,37,,,,,
948,151.324,35,,,,,354,143.734,37,,,,,
711,150.929,29,,,,,46,140.502,37,,,,,
962,150.474,40,,,,,374,134.454,37,,,,,
607,150.296,35,,,,,620,131.303,37,,,,,
919,149.409,31,,,,,5,99.429,37,,,,,
191,149.28,40,,,,,532,54.341,37,,,,,
63,149.036,31,,,,,915,167.972,36,,,,,
276,148.173,36,,,,,582,163.491,36,,,,,
737,147.959,34,,,,,719,160.741,36,,,,,
554,147.943,33,,,,,340,155.748,36,,,,,
285,147.422,35,,,,,276,148.173,36,,,,,
785,147.178,34,,,,,141,144.471,36,,,,,
418,146.468,34,,,,,307,141.371,36,,,,,
177,146.255,33,,,,,475,131.146,36,,,,,
955,146.051,33,,,,,444,165.026,35,,,,,
916,145.909,34,,,,,114,165.001,35,,,,,
510,145.664,30,,,,,880,155.016,35,,,,,
54,145.534,27,,,,,60,153.856,35,,,,,
715,145.012,34,,,,,676,153.474,35,,,,,
141,144.471,36,,,,,948,151.324,35,,,,,
156,143.894,32,,,,,607,150.296,35,,,,,
354,143.734,37,,,,,285,147.422,35,,,,,
599,143.731,29,,,,,791,143.242,35,,,,,
951,143.256,31,,,,,631,133.503,35,,,,,
791,143.242,35,,,,,934,73.972,35,,,,,
320,141.526,32,,,,,432,165.267,34,,,,,
307,141.371,36,,,,,853,162.898,34,,,,,
46,140.502,37,,,,,647,161.406,34,,,,,
168,140.421,30,,,,,35,160.286,34,,,,,
734,139.508,33,,,,,82,154.874,34,,,,,
390,139.503,38,,,,,176,151.59,34,,,,,
761,139.151,34,,,,,737,147.959,34,,,,,
49,139.099,33,,,,,785,147.178,34,,,,,
894,138.918,29,,,,,418,146.468,34,,,,,
144,138.721,27,,,,,916,145.909,34,,,,,
668,138.648,30,,,,,715,145.012,34,,,,,
612,138.305,31,,,,,761,139.151,34,,,,,
504,137.754,29,,,,,851,137.242,34,,,,,
920,137.367,29,,,,,112,135.6,34,,,,,
851,137.242,34,,,,,438,132.367,34,,,,,
699,136.859,33,,,,,773,132.288,34,,,,,
517,136.806,32,,,,,777,121.303,34,,,,,
713,136.612,33,,,,,554,147.943,33,,,,,
731,135.856,32,,,,,177,146.255,33,,,,,
112,135.6,34,,,,,955,146.051,33,,,,,
385,134.802,25,,,,,734,139.508,33,,,,,
374,134.454,37,,,,,49,139.099,33,,,,,
904,134.302,32,,,,,699,136.859,33,,,,,
631,133.503,35,,,,,713,136.612,33,,,,,
635,133.107,29,,,,,116,118.504,33,,,,,
391,132.967,26,,,,,179,76.113,33,,,,,
769,132.93,38,,,,,900,61.018,33,,,,,
652,132.858,26,,,,,467,48.424,33,,,,,
334,132.493,28,,,,,869,151.994,32,,,,,
438,132.367,34,,,,,156,143.894,32,,,,,
773,132.288,34,,,,,320,141.526,32,,,,,
825,132.279,24,,,,,517,136.806,32,,,,,
237,131.961,31,,,,,731,135.856,32,,,,,
861,131.627,26,,,,,904,134.302,32,,,,,
848,131.508,29,,,,,115,122.749,32,,,,,
53,131.403,27,,,,,34,65.053,32,,,,,
620,131.303,37,,,,,104,47.87,32,,,,,
79,131.218,29,,,,,919,149.409,31,,,,,
475,131.146,36,,,,,63,149.036,31,,,,,
594,131.103,26,,,,,951,143.256,31,,,,,
18,131.074,40,,,,,612,138.305,31,,,,,
614,130.694,29,,,,,237,131.961,31,,,,,
182,130.081,38,,,,,95,128.183,31,,,,,
762,129.626,29,,,,,393,126.831,31,,,,,
247,129.473,23,,,,,131,116.335,31,,,,,
95,128.183,31,,,,,875,115.653,31,,,,,
273,127.801,30,,,,,728,80.039,31,,,,,
55,127.384,26,,,,,846,70.617,31,,,,,
393,126.831,31,,,,,110,66.438,31,,,,,
286,126.796,25,,,,,836,157.642,30,,,,,
319,126.466,29,,,,,510,145.664,30,,,,,
445,126.14,25,,,,,168,140.421,30,,,,,
451,125.867,49,,,,,668,138.648,30,,,,,
274,125.269,28,,,,,273,127.801,30,,,,,
290,124.683,27,,,,,571,120.515,30,,,,,
359,124.166,27,,,,,448,117.381,30,,,,,
809,123.521,27,,,,,711,150.929,29,,,,,
929,123.507,29,,,,,599,143.731,29,,,,,
331,123.316,27,,,,,894,138.918,29,,,,,
648,122.849,29,,,,,504,137.754,29,,,,,
234,122.812,26,,,,,920,137.367,29,,,,,
91,122.801,23,,,,,635,133.107,29,,,,,
115,122.749,32,,,,,848,131.508,29,,,,,
345,122.559,28,,,,,79,131.218,29,,,,,
22,122.427,29,,,,,614,130.694,29,,,,,
223,122.189,23,,,,,762,129.626,29,,,,,
228,121.627,25,,,,,319,126.466,29,,,,,
777,121.303,34,,,,,929,123.507,29,,,,,
571,120.515,30,,,,,648,122.849,29,,,,,
498,120.514,29,,,,,22,122.427,29,,,,,
357,120.213,27,,,,,498,120.514,29,,,,,
524,119.724,25,,,,,190,107.406,29,,,,,
323,119.639,27,,,,,109,97.643,29,,,,,
593,119.398,21,,,,,367,61.561,29,,,,,
849,118.784,21,,,,,334,132.493,28,,,,,
116,118.504,33,,,,,274,125.269,28,,,,,
832,118.462,28,,,,,345,122.559,28,,,,,
266,118.109,26,,,,,832,118.462,28,,,,,
922,117.998,26,,,,,279,109.743,28,,,,,
944,117.728,24,,,,,186,106.55,28,,,,,
714,117.426,27,,,,,151,96.682,28,,,,,
448,117.381,30,,,,,726,50.669,28,,,,,
543,117.13,27,,,,,755,49.204,28,,,,,
142,117.101,27,,,,,225,44.288,28,,,,,
865,116.892,26,,,,,54,145.534,27,,,,,
131,116.335,31,,,,,144,138.721,27,,,,,
896,116.08,26,,,,,53,131.403,27,,,,,
642,116.019,26,,,,,290,124.683,27,,,,,
875,115.653,31,,,,,359,124.166,27,,,,,
802,114.855,23,,,,,809,123.521,27,,,,,
597,114.794,22,,,,,331,123.316,27,,,,,
209,114.28,21,,,,,357,120.213,27,,,,,
239,114.243,27,,,,,323,119.639,27,,,,,
282,114.188,24,,,,,714,117.426,27,,,,,
437,113.719,27,,,,,543,117.13,27,,,,,
322,113.59,23,,,,,142,117.101,27,,,,,
81,111.286,22,,,,,239,114.243,27,,,,,
818,111.134,24,,,,,437,113.719,27,,,,,
823,111.054,23,,,,,540,99.15,27,,,,,
528,110.747,25,,,,,283,70.061,27,,,,,
7,110.673,38,,,,,391,132.967,26,,,,,
519,110.432,26,,,,,652,132.858,26,,,,,
945,110.288,20,,,,,861,131.627,26,,,,,
698,109.985,21,,,,,594,131.103,26,,,,,
68,109.808,26,,,,,55,127.384,26,,,,,
279,109.743,28,,,,,234,122.812,26,,,,,
868,108.738,26,,,,,266,118.109,26,,,,,
576,108.257,61,,,,,922,117.998,26,,,,,
756,107.748,25,,,,,865,116.892,26,,,,,
536,107.503,22,,,,,896,116.08,26,,,,,
190,107.406,29,,,,,642,116.019,26,,,,,
484,107.342,21,,,,,519,110.432,26,,,,,
842,107.013,43,,,,,68,109.808,26,,,,,
693,106.914,21,,,,,868,108.738,26,,,,,
481,106.719,26,,,,,481,106.719,26,,,,,
186,106.55,28,,,,,804,100.767,26,,,,,
512,105.974,24,,,,,674,97.44,26,,,,,
422,105.724,25,,,,,87,92.072,26,,,,,
611,105.63,23,,,,,780,83.005,26,,,,,
26,105.528,25,,,,,490,62.839,26,,,,,
138,105.248,41,,,,,743,44.321,26,,,,,
871,104.679,20,,,,,385,134.802,25,,,,,
857,104.355,21,,,,,286,126.796,25,,,,,
233,104.222,24,,,,,445,126.14,25,,,,,
541,103.928,23,,,,,228,121.627,25,,,,,
887,103.582,18,,,,,524,119.724,25,,,,,
89,103.508,23,,,,,528,110.747,25,,,,,
227,101.89,21,,,,,756,107.748,25,,,,,
417,101.447,24,,,,,422,105.724,25,,,,,
804,100.767,26,,,,,26,105.528,25,,,,,
44,100.344,51,,,,,537,96.627,25,,,,,
858,100.001,21,,,,,903,91.38,25,,,,,
673,99.496,19,,,,,50,90.295,25,,,,,
5,99.429,37,,,,,527,56.923,25,,,,,
540,99.15,27,,,,,171,43.707,25,,,,,
799,98.491,23,,,,,608,35.483,25,,,,,
843,98.056,23,,,,,825,132.279,24,,,,,
109,97.643,29,,,,,944,117.728,24,,,,,
674,97.44,26,,,,,282,114.188,24,,,,,
446,97.113,20,,,,,818,111.134,24,,,,,
31,96.911,21,,,,,512,105.974,24,,,,,
169,96.812,20,,,,,233,104.222,24,,,,,
151,96.682,28,,,,,417,101.447,24,,,,,
537,96.627,25,,,,,815,92.598,24,,,,,
694,96.146,17,,,,,557,88.906,24,,,,,
130,96.089,20,,,,,137,87.867,24,,,,,
278,95.317,21,,,,,581,76.082,24,,,,,
788,95.2,23,,,,,457,73.399,24,,,,,
587,95.178,20,,,,,626,56.886,24,,,,,
341,95.078,15,,,,,174,52.64,24,,,,,
483,94.906,20,,,,,855,49.644,24,,,,,
129,94.473,19,,,,,247,129.473,23,,,,,
65,94.27,20,,,,,91,122.801,23,,,,,
566,92.861,18,,,,,223,122.189,23,,,,,
189,92.779,19,,,,,802,114.855,23,,,,,
815,92.598,24,,,,,322,113.59,23,,,,,
87,92.072,26,,,,,823,111.054,23,,,,,
252,91.386,49,,,,,611,105.63,23,,,,,
903,91.38,25,,,,,541,103.928,23,,,,,
450,91.126,20,,,,,89,103.508,23,,,,,
96,91.071,23,,,,,799,98.491,23,,,,,
6,90.937,17,,,,,843,98.056,23,,,,,
765,90.782,42,,,,,788,95.2,23,,,,,
50,90.295,25,,,,,96,91.071,23,,,,,
435,90.194,19,,,,,613,82.706,23,,,,,
32,89.598,20,,,,,148,47.465,23,,,,,
949,89.375,21,,,,,636,47.178,23,,,,,
751,89.128,42,,,,,205,46.124,23,,,,,
557,88.906,24,,,,,597,114.794,22,,,,,
208,88.74,40,,,,,81,111.286,22,,,,,
137,87.867,24,,,,,536,107.503,22,,,,,
882,87.775,21,,,,,76,79.426,22,,,,,
440,87.292,18,,,,,725,78.963,22,,,,,
241,87.277,19,,,,,365,45.653,22,,,,,
523,87.082,18,,,,,428,38.99,22,,,,,
165,86.874,18,,,,,119,36.321,22,,,,,
596,86.473,21,,,,,545,35.285,22,,,,,
106,86.456,17,,,,,822,34.13,22,,,,,
708,86.129,19,,,,,593,119.398,21,,,,,
70,86.001,17,,,,,849,118.784,21,,,,,
207,85.999,16,,,,,209,114.28,21,,,,,
482,85.976,19,,,,,698,109.985,21,,,,,
639,85.714,20,,,,,484,107.342,21,,,,,
111,84.766,15,,,,,693,106.914,21,,,,,
173,83.922,17,,,,,857,104.355,21,,,,,
212,83.87,16,,,,,227,101.89,21,,,,,
600,83.754,19,,,,,858,100.001,21,,,,,
807,83.608,20,,,,,31,96.911,21,,,,,
780,83.005,26,,,,,278,95.317,21,,,,,
36,82.729,19,,,,,949,89.375,21,,,,,
613,82.706,23,,,,,882,87.775,21,,,,,
664,82.545,21,,,,,596,86.473,21,,,,,
376,82.301,19,,,,,664,82.545,21,,,,,
245,82.006,18,,,,,102,51.134,21,,,,,
515,81.624,18,,,,,383,42.58,21,,,,,
678,81.398,20,,,,,258,41.809,21,,,,,
767,81.153,14,,,,,829,35.328,21,,,,,
789,81.01,18,,,,,945,110.288,20,,,,,
93,80.929,15,,,,,871,104.679,20,,,,,
356,80.852,17,,,,,446,97.113,20,,,,,
728,80.039,31,,,,,169,96.812,20,,,,,
76,79.426,22,,,,,130,96.089,20,,,,,
386,79.188,20,,,,,587,95.178,20,,,,,
583,79.095,15,,,,,483,94.906,20,,,,,
725,78.963,22,,,,,65,94.27,20,,,,,
901,77.803,17,,,,,450,91.126,20,,,,,
491,76.61,14,,,,,32,89.598,20,,,,,
179,76.113,33,,,,,639,85.714,20,,,,,
581,76.082,24,,,,,807,83.608,20,,,,,
883,76.037,19,,,,,678,81.398,20,,,,,
8,75.719,16,,,,,386,79.188,20,,,,,
217,74.037,20,,,,,217,74.037,20,,,,,
934,73.972,35,,,,,74,73.577,20,,,,,
352,73.72,16,,,,,158,55.486,20,,,,,
74,73.577,20,,,,,370,40.606,20,,,,,
457,73.399,24,,,,,952,27.052,20,,,,,
947,72.89,17,,,,,673,99.496,19,,,,,
277,72.092,15,,,,,129,94.473,19,,,,,
202,71.155,14,,,,,189,92.779,19,,,,,
469,71.118,13,,,,,435,90.194,19,,,,,
389,71.027,14,,,,,241,87.277,19,,,,,
140,70.835,14,,,,,708,86.129,19,,,,,
846,70.617,31,,,,,482,85.976,19,,,,,
283,70.061,27,,,,,600,83.754,19,,,,,
153,70.055,19,,,,,36,82.729,19,,,,,
570,69.975,15,,,,,376,82.301,19,,,,,
473,69.953,15,,,,,883,76.037,19,,,,,
666,69.779,14,,,,,153,70.055,19,,,,,
304,69.242,17,,,,,683,46.993,19,,,,,
630,69.062,13,,,,,454,40.354,19,,,,,
591,67.055,14,,,,,887,103.582,18,,,,,
355,66.924,10,,,,,566,92.861,18,,,,,
680,66.485,10,,,,,440,87.292,18,,,,,
110,66.438,31,,,,,523,87.082,18,,,,,
360,66.291,17,,,,,165,86.874,18,,,,,
660,66.039,13,,,,,245,82.006,18,,,,,
433,66.009,14,,,,,515,81.624,18,,,,,
387,65.373,11,,,,,789,81.01,18,,,,,
34,65.053,32,,,,,235,54.947,18,,,,,
629,63.85,12,,,,,750,48.061,18,,,,,
280,63.76,11,,,,,310,46.195,18,,,,,
15,63.105,13,,,,,487,43.733,18,,,,,
490,62.839,26,,,,,28,43.31,18,,,,,
590,62.65,13,,,,,338,33.577,18,,,,,
956,62.406,12,,,,,735,26.927,18,,,,,
872,62.337,13,,,,,694,96.146,17,,,,,
11,62.064,39,,,,,6,90.937,17,,,,,
449,61.971,9,,,,,106,86.456,17,,,,,
367,61.561,29,,,,,70,86.001,17,,,,,
567,61.417,12,,,,,173,83.922,17,,,,,
900,61.018,33,,,,,356,80.852,17,,,,,
395,60.658,13,,,,,901,77.803,17,,,,,
544,59.668,12,,,,,947,72.89,17,,,,,
219,59.522,10,,,,,304,69.242,17,,,,,
568,59.373,14,,,,,360,66.291,17,,,,,
263,58.973,9,,,,,826,55.33,17,,,,,
94,58.912,14,,,,,394,51.507,17,,,,,
262,58.757,15,,,,,692,48.589,17,,,,,
878,58.414,11,,,,,463,37.676,17,,,,,
654,57.721,9,,,,,335,36.537,17,,,,,
333,57.63,12,,,,,499,34.06,17,,,,,
628,57.484,10,,,,,763,32.843,17,,,,,
819,57.43,12,,,,,584,30.659,17,,,,,
527,56.923,25,,,,,207,85.999,16,,,,,
626,56.886,24,,,,,212,83.87,16,,,,,
363,56.645,15,,,,,8,75.719,16,,,,,
790,56.643,14,,,,,352,73.72,16,,,,,
749,56.522,12,,,,,361,43.294,16,,,,,
911,56.451,9,,,,,662,42.264,16,,,,,
402,55.727,14,,,,,38,36.884,16,,,,,
158,55.486,20,,,,,83,32.059,16,,,,,
826,55.33,17,,,,,242,31.648,16,,,,,
235,54.947,18,,,,,78,29.074,16,,,,,
532,54.341,37,,,,,535,26.079,16,,,,,
605,54.186,12,,,,,341,95.078,15,,,,,
24,53.492,9,,,,,111,84.766,15,,,,,
465,53.068,15,,,,,93,80.929,15,,,,,
486,53.032,10,,,,,583,79.095,15,,,,,
700,52.92,14,,,,,277,72.092,15,,,,,
503,52.823,9,,,,,570,69.975,15,,,,,
174,52.64,24,,,,,473,69.953,15,,,,,
107,52.237,15,,,,,262,58.757,15,,,,,
401,51.907,9,,,,,363,56.645,15,,,,,
394,51.507,17,,,,,465,53.068,15,,,,,
102,51.134,21,,,,,107,52.237,15,,,,,
726,50.669,28,,,,,13,49.483,15,,,,,
855,49.644,24,,,,,66,35.627,15,,,,,
741,49.536,14,,,,,609,34.671,15,,,,,
13,49.483,15,,,,,828,34.018,15,,,,,
638,49.417,14,,,,,705,34.018,15,,,,,
755,49.204,28,,,,,152,33.866,15,,,,,
943,49.17,8,,,,,771,28.645,15,,,,,
92,48.603,8,,,,,305,28.101,15,,,,,
135,48.596,9,,,,,917,28.055,15,,,,,
692,48.589,17,,,,,409,27.615,15,,,,,
467,48.424,33,,,,,269,26.11,15,,,,,
497,48.389,14,,,,,412,20.949,15,,,,,
730,48.096,8,,,,,946,16.855,15,,,,,
750,48.061,18,,,,,767,81.153,14,,,,,
350,47.897,8,,,,,491,76.61,14,,,,,
104,47.87,32,,,,,202,71.155,14,,,,,
148,47.465,23,,,,,389,71.027,14,,,,,
100,47.245,11,,,,,140,70.835,14,,,,,
636,47.178,23,,,,,666,69.779,14,,,,,
683,46.993,19,,,,,591,67.055,14,,,,,
415,46.4,11,,,,,433,66.009,14,,,,,
200,46.285,14,,,,,568,59.373,14,,,,,
310,46.195,18,,,,,94,58.912,14,,,,,
205,46.124,23,,,,,790,56.643,14,,,,,
365,45.653,22,,,,,402,55.727,14,,,,,
721,44.762,14,,,,,700,52.92,14,,,,,
743,44.321,26,,,,,741,49.536,14,,,,,
225,44.288,28,,,,,638,49.417,14,,,,,
404,44.18,9,,,,,497,48.389,14,,,,,
108,43.971,12,,,,,200,46.285,14,,,,,
23,43.784,12,,,,,721,44.762,14,,,,,
211,43.756,12,,,,,469,71.118,13,,,,,
487,43.733,18,,,,,630,69.062,13,,,,,
171,43.707,25,,,,,660,66.039,13,,,,,
28,43.31,18,,,,,15,63.105,13,,,,,
778,43.306,6,,,,,590,62.65,13,,,,,
361,43.294,16,,,,,872,62.337,13,,,,,
358,43.015,9,,,,,395,60.658,13,,,,,
383,42.58,21,,,,,120,39.991,13,,,,,
662,42.264,16,,,,,178,39.924,13,,,,,
623,41.903,8,,,,,292,33.754,13,,,,,
258,41.809,21,,,,,569,31.971,13,,,,,
893,41.759,10,,,,,125,30.84,13,,,,,
368,41.742,10,,,,,923,21.2,13,,,,,
181,41.443,9,,,,,500,18.082,13,,,,,
675,41.359,8,,,,,629,63.85,12,,,,,
392,41.228,6,,,,,956,62.406,12,,,,,
702,41.085,7,,,,,567,61.417,12,,,,,
84,41.07,10,,,,,544,59.668,12,,,,,
932,40.779,10,,,,,333,57.63,12,,,,,
370,40.606,20,,,,,819,57.43,12,,,,,
745,40.522,10,,,,,749,56.522,12,,,,,
454,40.354,19,,,,,605,54.186,12,,,,,
120,39.991,13,,,,,108,43.971,12,,,,,
178,39.924,13,,,,,23,43.784,12,,,,,
427,39.349,7,,,,,211,43.756,12,,,,,
564,39.086,8,,,,,559,34.7,12,,,,,
428,38.99,22,,,,,240,24.175,12,,,,,
462,38.715,8,,,,,717,24.048,12,,,,,
622,37.944,8,,,,,330,20.751,12,,,,,
463,37.676,17,,,,,634,15.04,12,,,,,
254,37.652,10,,,,,387,65.373,11,,,,,
29,37.606,7,,,,,280,63.76,11,,,,,
657,37.519,6,,,,,878,58.414,11,,,,,
442,37.027,8,,,,,100,47.245,11,,,,,
38,36.884,16,,,,,415,46.4,11,,,,,
159,36.804,6,,,,,4,30.545,11,,,,,
548,36.778,7,,,,,221,29.242,11,,,,,
335,36.537,17,,,,,20,26.593,11,,,,,
119,36.321,22,,,,,772,20.871,11,,,,,
66,35.627,15,,,,,175,20.841,11,,,,,
608,35.483,25,,,,,549,20.013,11,,,,,
577,35.474,7,,,,,625,18.1,11,,,,,
829,35.328,21,,,,,197,16.659,11,,,,,
545,35.285,22,,,,,914,15.923,11,,,,,
850,35.13,7,,,,,180,15.773,11,,,,,
890,34.976,8,,,,,355,66.924,10,,,,,
559,34.7,12,,,,,680,66.485,10,,,,,
609,34.671,15,,,,,219,59.522,10,,,,,
643,34.549,6,,,,,628,57.484,10,,,,,
822,34.13,22,,,,,486,53.032,10,,,,,
499,34.06,17,,,,,893,41.759,10,,,,,
828,34.018,15,,,,,368,41.742,10,,,,,
705,34.018,15,,,,,84,41.07,10,,,,,
152,33.866,15,,,,,932,40.779,10,,,,,
292,33.754,13,,,,,745,40.522,10,,,,,
338,33.577,18,,,,,254,37.652,10,,,,,
942,33.046,9,,,,,547,32.471,10,,,,,
763,32.843,17,,,,,372,25.775,10,,,,,
547,32.471,10,,,,,831,23.097,10,,,,,
375,32.283,8,,,,,271,22.519,10,,,,,
83,32.059,16,,,,,297,22.509,10,,,,,
569,31.971,13,,,,,478,17.245,10,,,,,
520,31.757,8,,,,,553,15.424,10,,,,,
242,31.648,16,,,,,21,13.498,10,,,,,
414,31.642,8,,,,,167,12.478,10,,,,,
798,31.183,7,,,,,41,8.19,10,,,,,
125,30.84,13,,,,,449,61.971,9,,,,,
584,30.659,17,,,,,263,58.973,9,,,,,
4,30.545,11,,,,,654,57.721,9,,,,,
801,30.391,9,,,,,911,56.451,9,,,,,
221,29.242,11,,,,,24,53.492,9,,,,,
78,29.074,16,,,,,503,52.823,9,,,,,
378,28.907,6,,,,,401,51.907,9,,,,,
253,28.653,9,,,,,135,48.596,9,,,,,
771,28.645,15,,,,,404,44.18,9,,,,,
663,28.613,7,,,,,358,43.015,9,,,,,
816,28.137,6,,,,,181,41.443,9,,,,,
305,28.101,15,,,,,942,33.046,9,,,,,
42,28.061,4,,,,,801,30.391,9,,,,,
917,28.055,15,,,,,253,28.653,9,,,,,
318,27.895,7,,,,,885,22.175,9,,,,,
409,27.615,15,,,,,267,21.851,9,,,,,
479,27.534,6,,,,,459,18.311,9,,,,,
14,27.387,4,,,,,800,17.248,9,,,,,
952,27.052,20,,,,,943,49.17,8,,,,,
735,26.927,18,,,,,92,48.603,8,,,,,
696,26.818,6,,,,,730,48.096,8,,,,,
20,26.593,11,,,,,350,47.897,8,,,,,
269,26.11,15,,,,,623,41.903,8,,,,,
535,26.079,16,,,,,675,41.359,8,,,,,
372,25.775,10,,,,,564,39.086,8,,,,,
565,25.686,5,,,,,462,38.715,8,,,,,
910,25.008,8,,,,,622,37.944,8,,,,,
817,24.872,5,,,,,442,37.027,8,,,,,
839,24.568,4,,,,,890,34.976,8,,,,,
124,24.488,8,,,,,375,32.283,8,,,,,
86,24.376,8,,,,,520,31.757,8,,,,,
240,24.175,12,,,,,414,31.642,8,,,,,
717,24.048,12,,,,,910,25.008,8,,,,,
783,23.995,5,,,,,124,24.488,8,,,,,
831,23.097,10,,,,,86,24.376,8,,,,,
779,23.062,6,,,,,727,21.379,8,,,,,
271,22.519,10,,,,,80,14.598,8,,,,,
297,22.509,10,,,,,931,8.307,8,,,,,
546,22.363,6,,,,,672,7.114,8,,,,,
707,22.351,4,,,,,702,41.085,7,,,,,
885,22.175,9,,,,,427,39.349,7,,,,,
267,21.851,9,,,,,29,37.606,7,,,,,
421,21.733,7,,,,,548,36.778,7,,,,,
641,21.622,5,,,,,577,35.474,7,,,,,
782,21.563,4,,,,,850,35.13,7,,,,,
727,21.379,8,,,,,798,31.183,7,,,,,
923,21.2,13,,,,,663,28.613,7,,,,,
492,20.963,6,,,,,318,27.895,7,,,,,
412,20.949,15,,,,,421,21.733,7,,,,,
772,20.871,11,,,,,187,20.431,7,,,,,
175,20.841,11,,,,,117,15.509,7,,,,,
330,20.751,12,,,,,759,14.968,7,,,,,
69,20.57,4,,,,,185,13.543,7,,,,,
187,20.431,7,,,,,477,13.449,7,,,,,
549,20.013,11,,,,,921,10.125,7,,,,,
294,19.653,5,,,,,193,7.013,7,,,,,
897,19.486,6,,,,,778,43.306,6,,,,,
314,19.38,6,,,,,392,41.228,6,,,,,
695,18.825,3,,,,,657,37.519,6,,,,,
453,18.74,5,,,,,159,36.804,6,,,,,
342,18.507,4,,,,,643,34.549,6,,,,,
459,18.311,9,,,,,378,28.907,6,,,,,
281,18.118,4,,,,,816,28.137,6,,,,,
625,18.1,11,,,,,479,27.534,6,,,,,
500,18.082,13,,,,,696,26.818,6,,,,,
272,17.499,2,,,,,779,23.062,6,,,,,
800,17.248,9,,,,,546,22.363,6,,,,,
478,17.245,10,,,,,492,20.963,6,,,,,
303,16.972,3,,,,,897,19.486,6,,,,,
768,16.894,6,,,,,314,19.38,6,,,,,
827,16.883,3,,,,,768,16.894,6,,,,,
946,16.855,15,,,,,736,13.708,6,,,,,
197,16.659,11,,,,,732,11.579,6,,,,,
316,16.497,3,,,,,51,11.51,6,,,,,
37,16.486,2,,,,,12,10.923,6,,,,,
939,16.204,5,,,,,97,6.723,6,,,,,
507,16.148,3,,,,,195,6.332,6,,,,,
123,16.144,2,,,,,565,25.686,5,,,,,
349,15.958,4,,,,,817,24.872,5,,,,,
914,15.923,11,,,,,783,23.995,5,,,,,
180,15.773,11,,,,,641,21.622,5,,,,,
511,15.673,2,,,,,294,19.653,5,,,,,
902,15.649,3,,,,,453,18.74,5,,,,,
117,15.509,7,,,,,939,16.204,5,,,,,
553,15.424,10,,,,,907,12.768,5,,,,,
431,15.412,3,,,,,598,11.688,5,,,,,
619,15.332,3,,,,,859,5.79,5,,,,,
634,15.04,12,,,,,42,28.061,4,,,,,
759,14.968,7,,,,,14,27.387,4,,,,,
80,14.598,8,,,,,839,24.568,4,,,,,
122,14.562,4,,,,,707,22.351,4,,,,,
344,14.498,2,,,,,782,21.563,4,,,,,
736,13.708,6,,,,,69,20.57,4,,,,,
185,13.543,7,,,,,342,18.507,4,,,,,
21,13.498,10,,,,,281,18.118,4,,,,,
477,13.449,7,,,,,349,15.958,4,,,,,
907,12.768,5,,,,,122,14.562,4,,,,,
170,12.701,2,,,,,27,9.127,4,,,,,
167,12.478,10,,,,,485,7.916,4,,,,,
3,12.272,1,,,,,218,7.257,4,,,,,
653,12.061,2,,,,,58,2.889,4,,,,,
598,11.688,5,,,,,695,18.825,3,,,,,
621,11.682,3,,,,,303,16.972,3,,,,,
732,11.579,6,,,,,827,16.883,3,,,,,
51,11.51,6,,,,,316,16.497,3,,,,,
835,11.282,2,,,,,507,16.148,3,,,,,
588,11.119,1,,,,,902,15.649,3,,,,,
12,10.923,6,,,,,431,15.412,3,,,,,
661,10.894,2,,,,,619,15.332,3,,,,,
665,10.404,1,,,,,621,11.682,3,,,,,
784,10.231,3,,,,,784,10.231,3,,,,,
921,10.125,7,,,,,814,8.195,3,,,,,
62,9.871,1,,,,,961,7.996,3,,,,,
27,9.127,4,,,,,925,5.646,3,,,,,
306,9.023,1,,,,,215,1.467,3,,,,,
213,8.436,1,,,,,272,17.499,2,,,,,
133,8.314,1,,,,,37,16.486,2,,,,,
862,8.311,1,,,,,123,16.144,2,,,,,
931,8.307,8,,,,,511,15.673,2,,,,,
814,8.195,3,,,,,344,14.498,2,,,,,
41,8.19,10,,,,,170,12.701,2,,,,,
961,7.996,3,,,,,653,12.061,2,,,,,
380,7.993,1,,,,,835,11.282,2,,,,,
485,7.916,4,,,,,661,10.894,2,,,,,
289,7.463,1,,,,,425,6.215,2,,,,,
218,7.257,4,,,,,803,5.952,2,,,,,
672,7.114,8,,,,,514,5.312,2,,,,,
33,7.098,1,,,,,658,5.282,2,,,,,
193,7.013,7,,,,,891,4.634,2,,,,,
346,6.961,1,,,,,298,4.623,2,,,,,
97,6.723,6,,,,,899,2.975,2,,,,,
195,6.332,6,,,,,834,2.871,2,,,,,
560,6.239,1,,,,,766,2.866,2,,,,,
506,6.235,1,,,,,509,1.462,2,,,,,
347,6.22,1,,,,,3,12.272,1,,,,,
425,6.215,2,,,,,588,11.119,1,,,,,
803,5.952,2,,,,,665,10.404,1,,,,,
724,5.884,1,,,,,62,9.871,1,,,,,
859,5.79,5,,,,,306,9.023,1,,,,,
925,5.646,3,,,,,213,8.436,1,,,,,
514,5.312,2,,,,,133,8.314,1,,,,,
658,5.282,2,,,,,862,8.311,1,,,,,
224,5.186,1,,,,,380,7.993,1,,,,,
677,4.919,1,,,,,289,7.463,1,,,,,
891,4.634,2,,,,,33,7.098,1,,,,,
298,4.623,2,,,,,346,6.961,1,,,,,
840,4.244,1,,,,,560,6.239,1,,,,,
684,3.564,1,,,,,506,6.235,1,,,,,
513,3.52,1,,,,,347,6.22,1,,,,,
810,3.176,1,,,,,724,5.884,1,,,,,
899,2.975,2,,,,,224,5.186,1,,,,,
58,2.889,4,,,,,677,4.919,1,,,,,
834,2.871,2,,,,,840,4.244,1,,,,,
766,2.866,2,,,,,684,3.564,1,,,,,
881,2.462,1,,,,,513,3.52,1,,,,,
447,2.119,1,,,,,810,3.176,1,,,,,
397,2.115,1,,,,,881,2.462,1,,,,,
776,1.768,1,,,,,447,2.119,1,,,,,
573,1.748,1,,,,,397,2.115,1,,,,,
787,1.696,1,,,,,776,1.768,1,,,,,
43,1.618,1,,,,,573,1.748,1,,,,,
215,1.467,3,,,,,787,1.696,1,,,,,
509,1.462,2,,,,,43,1.618,1,,,,,
533,1.436,1,,,,,533,1.436,1,,,,,
764,1.417,1,,,,,764,1.417,1,,,,,
844,1.403,1,,,,,844,1.403,1,,,,,
820,1.033,1,,,,,820,1.033,1,,,,,
551,1.023,1,,,,,551,1.023,1,,,,,
300,1.019,1,,,,,300,1.019,1,,,,,
